"","Kingdom","Phylum","Class","Order","Family","Genus","Species","Genus_species"
"OTU.1","Fungi","Ascomycota","Dothideomycetes","Capnodiales","Mycosphaerellaceae","Nothophaeocryptopus","gaeumannii","Nothophaeocryptopus gaeumannii"
"OTU.2","Fungi","Ascomycota","Leotiomycetes","Helotiales","Hemiphacidiaceae","Rhabdocline","parkeri","Rhabdocline parkeri"
"OTU.3","Fungi","Ascomycota","Leotiomycetes","Helotiales","Hemiphacidiaceae","Rhabdocline","parkeri","Rhabdocline parkeri"
"OTU.4","Fungi","Ascomycota","Leotiomycetes","Helotiales","Hemiphacidiaceae","Rhabdocline","pseudotsugae","Rhabdocline pseudotsugae"
"OTU.6","Fungi","Ascomycota","Leotiomycetes","Helotiales","Hemiphacidiaceae","Rhabdocline","parkeri","Rhabdocline parkeri"
"OTU.8","Fungi","Ascomycota","Dothideomycetes","Botryosphaeriales","Phyllostictaceae","Phyllosticta","abietis","Phyllosticta abietis"
"OTU.10","Fungi","Ascomycota","Leotiomycetes","Helotiales","Dermateaceae",NA,NA,"Dermateaceae sp."
"OTU.11","Fungi","Ascomycota","Dothideomycetes","Capnodiales","Euantennariaceae","Rasutoria","pseudotsugae","Rasutoria pseudotsugae"
"OTU.12","Fungi","Ascomycota","Dothideomycetes","Dothideales","Dothioraceae","Hormonema","macrosporum","Hormonema macrosporum"
"OTU.16","Fungi","Ascomycota","Dothideomycetes",NA,NA,NA,NA,"Dothideomycetes sp."
"OTU.17","Fungi","Ascomycota","Eurotiomycetes","Phaeomoniellales","Phaeomoniellaceae",NA,NA,"Phaeomoniellaceae sp."
"OTU.18","Fungi","Ascomycota","Leotiomycetes","Helotiales","Helotiales_fam_Incertae_sedis","Micraspis","strobilina","Micraspis strobilina"
"OTU.25","Fungi","Basidiomycota","Microbotryomycetes","Sporidiobolales",NA,NA,NA,"Sporidiobolales sp."
"OTU.39","Fungi","Ascomycota","Dothideomycetes","Capnodiales","Mycosphaerellaceae","Nothophaeocryptopus","gaeumannii","Nothophaeocryptopus gaeumannii"
"OTU.41","Fungi","Ascomycota","Leotiomycetes","Helotiales","Helotiales_fam_Incertae_sedis","Micraspis","strobilina","Micraspis strobilina"
"OTU.31","Fungi",NA,NA,NA,NA,NA,NA,"Fungi sp."
"OTU.48","Fungi","Ascomycota","Leotiomycetes","Helotiales","Dermateaceae","Dermea",NA,"Dermea sp."
"OTU.49","Fungi","Ascomycota","Leotiomycetes","Helotiales","Helotiales_fam_Incertae_sedis","Micraspis","strobilina","Micraspis strobilina"
"OTU.65","Fungi","Ascomycota","Eurotiomycetes","Eurotiales","Aspergillaceae","Penicillium","expansum","Penicillium expansum"
"OTU.73","Fungi","Ascomycota","Eurotiomycetes","Phaeomoniellales","Phaeomoniellaceae",NA,NA,"Phaeomoniellaceae sp."
"OTU.59","Fungi","Ascomycota","Dothideomycetes","Venturiales","Sympoventuriaceae",NA,NA,"Sympoventuriaceae sp."
"OTU.81","Fungi","Ascomycota","Leotiomycetes","Helotiales","Tympanidaceae","Capturomyces","luteus","Capturomyces luteus"
"OTU.110","Fungi","Ascomycota","Sordariomycetes","Diaporthales","Diaporthaceae","Diaporthe","cynaroidis","Diaporthe cynaroidis"
"OTU.64","Fungi","Ascomycota","Eurotiomycetes","Phaeomoniellales",NA,NA,NA,"Phaeomoniellales sp."
"OTU.62","Fungi","Ascomycota",NA,NA,NA,NA,NA,"Ascomycota sp."
"OTU.88","Fungi","Ascomycota","Sordariomycetes","Hypocreales","Ophiocordycipitaceae","Purpureocillium",NA,"Purpureocillium sp."
"OTU.91","Fungi","Ascomycota",NA,NA,NA,NA,NA,"Ascomycota sp."
"OTU.105","Fungi","Ascomycota","Leotiomycetes","Helotiales","Hemiphacidiaceae","Rhabdocline",NA,"Rhabdocline sp."
"OTU.21","Fungi","Ascomycota",NA,NA,NA,NA,NA,"Ascomycota sp."
"OTU.124","Fungi","Ascomycota","Dothideomycetes",NA,NA,NA,NA,"Dothideomycetes sp."
"OTU.87","Fungi","Ascomycota","Leotiomycetes","Helotiales","Dermateaceae","Pezicula",NA,"Pezicula sp."
"OTU.114","Fungi","Ascomycota","Eurotiomycetes","Eurotiales","Aspergillaceae","Penicillium","spinulosum","Penicillium spinulosum"
"OTU.44","Fungi","Ascomycota","Dothideomycetes","Capnodiales","Mycosphaerellaceae","Mycosphaerella",NA,"Mycosphaerella sp."
"OTU.37","Fungi","Ascomycota","Dothideomycetes","Capnodiales","Cladosporiaceae","Cladosporium","cladosporioides","Cladosporium cladosporioides"
"OTU.89","Fungi","Ascomycota","Leotiomycetes","Helotiales","Hemiphacidiaceae","Rhabdocline","parkeri","Rhabdocline parkeri"
"OTU.119","Fungi","Ascomycota","Eurotiomycetes","Phaeomoniellales","Phaeomoniellaceae",NA,NA,"Phaeomoniellaceae sp."
"OTU.190","Fungi","Basidiomycota","Tremellomycetes","Filobasidiales","Piskurozymaceae","Piskurozyma",NA,"Piskurozyma sp."
"OTU.141","Fungi","Ascomycota","Eurotiomycetes","Phaeomoniellales","Phaeomoniellaceae","Xenocylindrosporium","kirstenboschense","Xenocylindrosporium kirstenboschense"
"OTU.155","Fungi","Ascomycota","Leotiomycetes",NA,NA,NA,NA,"Leotiomycetes sp."
"OTU.161","Fungi","Ascomycota","Leotiomycetes","Helotiales","Helotiaceae","Tympanis",NA,"Tympanis sp."
"OTU.35","Fungi","Ascomycota","Leotiomycetes","Helotiales","Hyaloscyphaceae","Arachnopeziza",NA,"Arachnopeziza sp."
"OTU.133","Fungi","Ascomycota","Leotiomycetes","Helotiales","Hyaloscyphaceae","Hyphodiscus",NA,"Hyphodiscus sp."
"OTU.100","Fungi","Ascomycota","Dothideomycetes","Dothideales","Dothioraceae","Perusta","inaequalis","Perusta inaequalis"
"OTU.198","Fungi","Ascomycota","Dothideomycetes","Venturiales","Venturiaceae",NA,NA,"Venturiaceae sp."
"OTU.125","Fungi","Ascomycota","Dothideomycetes","Capnodiales","Capnodiales_fam_Incertae_sedis","Phaeotheca",NA,"Phaeotheca sp."
"OTU.199","Fungi","Ascomycota","Sordariomycetes","Diaporthales","Diaporthaceae","Diaporthe","nothofagi","Diaporthe nothofagi"
"OTU.160","Fungi","Ascomycota","Dothideomycetes","Capnodiales","Dissoconiaceae","Ramichloridium","pini","Ramichloridium pini"
"OTU.367","Fungi","Ascomycota","Sordariomycetes","Diaporthales","Diaporthaceae","Diaporthe","cynaroidis","Diaporthe cynaroidis"
"OTU.66","Fungi","Ascomycota","Dothideomycetes","Venturiales","Venturiaceae","Venturia",NA,"Venturia sp."
"OTU.201","Fungi","Ascomycota","Sordariomycetes","Hypocreales","Nectriaceae","Gibberella","fujikuroi","Gibberella fujikuroi"
"OTU.28","Fungi","Ascomycota","Dothideomycetes","Dothideales","Dothioraceae","Hormonema","macrosporum","Hormonema macrosporum"
"OTU.238","Fungi","Ascomycota","Leotiomycetes","Rhytismatales","Rhytismataceae",NA,NA,"Rhytismataceae sp."
"OTU.194","Fungi","Ascomycota","Leotiomycetes","Helotiales","Hemiphacidiaceae","Rhabdocline","parkeri","Rhabdocline parkeri"
"OTU.193","Fungi","Ascomycota","Pezizomycetes","Pezizales","Sarcosomataceae","Pseudoplectania","episphagnum","Pseudoplectania episphagnum"
"OTU.376","Fungi","Ascomycota","Leotiomycetes","Helotiales","Hemiphacidiaceae","Rhabdocline","parkeri","Rhabdocline parkeri"
"OTU.159","Fungi","Ascomycota","Leotiomycetes","Helotiales",NA,NA,NA,"Helotiales sp."
"OTU.262","Fungi","Ascomycota","Leotiomycetes","Rhytismatales",NA,NA,NA,"Rhytismatales sp."
"OTU.230","Fungi","Ascomycota",NA,NA,NA,NA,NA,"Ascomycota sp."
"OTU.96","Fungi",NA,NA,NA,NA,NA,NA,"Fungi sp."
"OTU.29","Fungi","Ascomycota","Dothideomycetes","Capnodiales",NA,NA,NA,"Capnodiales sp."
"OTU.209","Fungi","Ascomycota","Leotiomycetes","Helotiales","Hyaloscyphaceae","Hyphodiscus",NA,"Hyphodiscus sp."
"OTU.72","Fungi","Ascomycota","Leotiomycetes","Helotiales","Hyaloscyphaceae","Arachnopeziza",NA,"Arachnopeziza sp."
"OTU.227","Fungi","Ascomycota","Leotiomycetes","Helotiales",NA,NA,NA,"Helotiales sp."
"OTU.168","Fungi",NA,NA,NA,NA,NA,NA,"Fungi sp."
"OTU.315","Fungi","Basidiomycota","Agaricomycetes","Agaricales","Psathyrellaceae","Coprinellus",NA,"Coprinellus sp."
"OTU.336","Fungi","Ascomycota","Pezizomycetes","Pezizales","Pyronemataceae","Wilcoxina","rehmii","Wilcoxina rehmii"
"OTU.214","Fungi","Ascomycota","Leotiomycetes","Helotiales","Helotiales_fam_Incertae_sedis","Micraspis","strobilina","Micraspis strobilina"
"OTU.351","Fungi","Ascomycota","Dothideomycetes","Capnodiales","Mycosphaerellaceae","Ramularia",NA,"Ramularia sp."
"OTU.173","Fungi","Ascomycota","Leotiomycetes","Helotiales","Hemiphacidiaceae","Rhabdocline","parkeri","Rhabdocline parkeri"
"OTU.333","Fungi","Ascomycota","Leotiomycetes","Rhytismatales","Rhytismataceae",NA,NA,"Rhytismataceae sp."
"OTU.140","Fungi","Ascomycota","Dothideomycetes","Dothideales","Dothioraceae","Perusta",NA,"Perusta sp."
"OTU.307","Fungi","Ascomycota","Leotiomycetes","Helotiales","Hemiphacidiaceae","Rhabdocline","parkeri","Rhabdocline parkeri"
"OTU.370","Fungi",NA,NA,NA,NA,NA,NA,"Fungi sp."
"OTU.360","Fungi","Basidiomycota",NA,NA,NA,NA,NA,"Basidiomycota sp."
"OTU.169","Fungi",NA,NA,NA,NA,NA,NA,"Fungi sp."
"OTU.353","Fungi","Ascomycota","Eurotiomycetes","Phaeomoniellales",NA,NA,NA,"Phaeomoniellales sp."
"OTU.416","Fungi","Ascomycota","Dothideomycetes","Venturiales","Venturiaceae",NA,NA,"Venturiaceae sp."
"OTU.404","Fungi","Ascomycota","Pezizomycetes","Pezizales","Pyronemataceae","Tricharina","praecox","Tricharina praecox"
"OTU.428","Fungi","Basidiomycota","Tremellomycetes","Cystofilobasidiales","Mrakiaceae","Krasilnikovozyma",NA,"Krasilnikovozyma sp."
"OTU.177","Fungi","Ascomycota","Eurotiomycetes","Chaetothyriales",NA,NA,NA,"Chaetothyriales sp."
"OTU.443","Fungi","Ascomycota","Leotiomycetes","Helotiales","Dermateaceae","Dermea","libocedri","Dermea libocedri"
"OTU.278","Fungi","Basidiomycota","Malasseziomycetes","Malasseziales","Malasseziaceae","Malassezia","restricta","Malassezia restricta"
"OTU.189","Fungi","Ascomycota","Dothideomycetes","Venturiales","Venturiaceae","Venturia",NA,"Venturia sp."
"OTU.448","Fungi","Ascomycota","Leotiomycetes","Helotiales","Hemiphacidiaceae","Rhabdocline","parkeri","Rhabdocline parkeri"
"OTU.335","Fungi","Ascomycota","Leotiomycetes","Helotiales","Dermateaceae","Dermea","libocedri","Dermea libocedri"
"OTU.458","Fungi","Ascomycota","Pezizomycetes","Pezizales","Pyronemataceae","Geopyxis","carbonaria","Geopyxis carbonaria"
"OTU.237","Fungi",NA,NA,NA,NA,NA,NA,"Fungi sp."
"OTU.552","Fungi","Ascomycota","Dothideomycetes","Myriangiales","Myriangiales_fam_Incertae_sedis",NA,NA,"Myriangiales_fam_Incertae_sedis sp."
"OTU.13","Fungi","Ascomycota","Dothideomycetes","Dothideales","Dothideaceae","Rhizosphaera","macrospora","Rhizosphaera macrospora"
"OTU.480","Fungi","Ascomycota","Sordariomycetes","Hypocreales","Hypocreaceae","Trichoderma","viride","Trichoderma viride"
"OTU.265","Fungi","Ascomycota","Dothideomycetes","Pleosporales","Pleosporaceae","Alternaria","infectoria","Alternaria infectoria"
"OTU.486","Fungi","Ascomycota","Leotiomycetes","Rhytismatales","Rhytismataceae","Lirula","exigua","Lirula exigua"
"OTU.374","Fungi","Ascomycota","Dothideomycetes","Capnodiales","Capnodiales_fam_Incertae_sedis","Phaeotheca","shathenatiana","Phaeotheca shathenatiana"
"OTU.447","Fungi","Basidiomycota","Malasseziomycetes","Malasseziales","Malasseziaceae","Malassezia","restricta","Malassezia restricta"
"OTU.493","Fungi","Ascomycota","Dothideomycetes","Capnodiales","Euantennariaceae","Rasutoria","pseudotsugae","Rasutoria pseudotsugae"
"OTU.497","Fungi","Ascomycota","Eurotiomycetes","Eurotiales","Aspergillaceae","Aspergillus",NA,"Aspergillus sp."
"OTU.500","Fungi","Ascomycota","Lecanoromycetes","Lecanorales","Parmeliaceae","Evernia","prunastri","Evernia prunastri"
"OTU.515","Fungi","Basidiomycota","Agaricomycetes","Polyporales","Polyporaceae","Trametes","versicolor","Trametes versicolor"
"OTU.459","Fungi","Ascomycota","Leotiomycetes","Helotiales",NA,NA,NA,"Helotiales sp."
"OTU.483","Fungi","Ascomycota","Leotiomycetes","Rhytismatales","Rhytismataceae",NA,NA,"Rhytismataceae sp."
"OTU.294","Fungi","Ascomycota","Leotiomycetes","Rhytismatales","Cudoniaceae",NA,NA,"Cudoniaceae sp."
"OTU.415","Fungi","Ascomycota","Eurotiomycetes","Phaeomoniellales",NA,NA,NA,"Phaeomoniellales sp."
"OTU.78","Fungi","Ascomycota","Dothideomycetes","Venturiales","Venturiaceae",NA,NA,"Venturiaceae sp."
"OTU.179","Fungi","Ascomycota","Dothideomycetes","Capnodiales","Mycosphaerellaceae","Mycosphaerella",NA,"Mycosphaerella sp."
"OTU.576","Fungi","Ascomycota","Sordariomycetes","Hypocreales","Hypocreaceae","Trichoderma",NA,"Trichoderma sp."
"OTU.271","Fungi","Ascomycota","Leotiomycetes","Rhytismatales","Cudoniaceae",NA,NA,"Cudoniaceae sp."
"OTU.561","Fungi","Ascomycota",NA,NA,NA,NA,NA,"Ascomycota sp."
"OTU.592","Fungi","Basidiomycota","Agaricomycetes","Polyporales","Polyporaceae","Lenzites","betulina","Lenzites betulina"
"OTU.454","Fungi","Ascomycota","Dothideomycetes","Pleosporales","Pleosporaceae","Alternaria","infectoria","Alternaria infectoria"
"OTU.556","Fungi",NA,NA,NA,NA,NA,NA,"Fungi sp."
"OTU.276","Fungi","Basidiomycota","Pucciniomycetes","Septobasidiales","Septobasidiaceae","Septobasidium","carestianum","Septobasidium carestianum"
"OTU.509","Fungi","Ascomycota","Leotiomycetes","Helotiales",NA,NA,NA,"Helotiales sp."
"OTU.636","Fungi","Basidiomycota","Tremellomycetes","Cystofilobasidiales","Mrakiaceae","Krasilnikovozyma","huempii","Krasilnikovozyma huempii"
"OTU.488","Fungi","Ascomycota","Leotiomycetes","Helotiales","Dermateaceae","Pezicula",NA,"Pezicula sp."
"OTU.236","Fungi","Ascomycota","Leotiomycetes","Rhytismatales","Cudoniaceae",NA,NA,"Cudoniaceae sp."
"OTU.677","Fungi","Ascomycota","Sordariomycetes","Hypocreales","Hypocreaceae","Trichoderma",NA,"Trichoderma sp."
"OTU.688","Fungi","Ascomycota","Sordariomycetes","Sordariales","Sordariales_fam_Incertae_sedis","Papulaspora","funabasensis","Papulaspora funabasensis"
"OTU.482","Fungi","Ascomycota","Eurotiomycetes","Phaeomoniellales",NA,NA,NA,"Phaeomoniellales sp."
"OTU.647","Fungi","Ascomycota","Dothideomycetes","Venturiales","Sympoventuriaceae",NA,NA,"Sympoventuriaceae sp."
"OTU.680","Fungi","Ascomycota","Leotiomycetes",NA,NA,NA,NA,"Leotiomycetes sp."
"OTU.725","Fungi","Ascomycota","Eurotiomycetes","Chaetothyriales",NA,NA,NA,"Chaetothyriales sp."
"OTU.248","Fungi","Ascomycota","Leotiomycetes","Triblidiales","Triblidiaceae","Pseudographis","pinicola","Pseudographis pinicola"
"OTU.470","Fungi","Ascomycota","Leotiomycetes","Helotiales","Helotiaceae","Tympanis","hansbroughiana","Tympanis hansbroughiana"
"OTU.738","Fungi","Ascomycota","Leotiomycetes","Helotiales","Hyaloscyphaceae","Catenulifera",NA,"Catenulifera sp."
"OTU.691","Fungi","Ascomycota","Dothideomycetes","Myriangiales","Myriangiales_fam_Incertae_sedis",NA,NA,"Myriangiales_fam_Incertae_sedis sp."
"OTU.635","Fungi","Ascomycota","Leotiomycetes","Helotiales","Hyaloscyphaceae",NA,NA,"Hyaloscyphaceae sp."
"OTU.767","Fungi","Ascomycota","Leotiomycetes","Helotiales","Hyaloscyphaceae",NA,NA,"Hyaloscyphaceae sp."
"OTU.553","Fungi","Ascomycota","Leotiomycetes","Helotiales","Dermateaceae","Dermea","libocedri","Dermea libocedri"
"OTU.484","Fungi","Ascomycota","Eurotiomycetes","Chaetothyriales","Chaetothyriales_fam_Incertae_sedis","Sarcinomyces","crustaceus","Sarcinomyces crustaceus"
"OTU.780","Fungi","Ascomycota","Leotiomycetes","Rhytismatales","Rhytismataceae",NA,NA,"Rhytismataceae sp."
"OTU.891","Fungi","Basidiomycota",NA,NA,NA,NA,NA,"Basidiomycota sp."
"OTU.24","Fungi","Ascomycota","Eurotiomycetes","Chaetothyriales",NA,NA,NA,"Chaetothyriales sp."
"OTU.461","Fungi","Ascomycota","Dothideomycetes","Capnodiales","Mycosphaerellaceae","Mycosphaerella",NA,"Mycosphaerella sp."
"OTU.256","Fungi",NA,NA,NA,NA,NA,NA,"Fungi sp."
"OTU.710","Fungi","Ascomycota","Leotiomycetes","Rhytismatales",NA,NA,NA,"Rhytismatales sp."
"OTU.830","Fungi","Ascomycota","Leotiomycetes","Phacidiales","Phacidiaceae","Darkera","picea","Darkera picea"
"OTU.658","Fungi","Ascomycota","Dothideomycetes","Capnodiales","Capnodiales_fam_Incertae_sedis","Phaeotheca","fissurella","Phaeotheca fissurella"
"OTU.554","Fungi","Ascomycota","Dothideomycetes","Pleosporales","Didymellaceae","Epicoccum","nigrum","Epicoccum nigrum"
"OTU.33","Fungi","Ascomycota","Orbiliomycetes","Orbiliales","Orbiliaceae","Amphosoma","persooniae","Amphosoma persooniae"
"OTU.427","Fungi","Ascomycota","Dothideomycetes","Venturiales","Venturiaceae","Venturia",NA,"Venturia sp."
"OTU.905","Fungi","Basidiomycota","Agaricomycetes","Russulales","Stereaceae","Stereum","sanguinolentum","Stereum sanguinolentum"
"OTU.866","Fungi","Basidiomycota",NA,NA,NA,NA,NA,"Basidiomycota sp."
"OTU.70","Fungi","Ascomycota","Eurotiomycetes","Chaetothyriales",NA,NA,NA,"Chaetothyriales sp."
"OTU.675","Fungi","Ascomycota","Leotiomycetes","Helotiales","Helotiales_fam_Incertae_sedis","Micraspis","strobilina","Micraspis strobilina"
"OTU.884","Fungi","Ascomycota","Dothideomycetes","Capnodiales","Euantennariaceae","Rasutoria","pseudotsugae","Rasutoria pseudotsugae"
"OTU.450","Fungi","Ascomycota","Eurotiomycetes","Chaetothyriales",NA,NA,NA,"Chaetothyriales sp."
"OTU.490","Fungi","Ascomycota",NA,NA,NA,NA,NA,"Ascomycota sp."
"OTU.84","Fungi","Ascomycota","Eurotiomycetes","Chaetothyriales",NA,NA,NA,"Chaetothyriales sp."
"OTU.138","Fungi","Ascomycota","Eurotiomycetes","Chaetothyriales","Cyphellophoraceae",NA,NA,"Cyphellophoraceae sp."
"OTU.777","Fungi","Ascomycota","Leotiomycetes","Helotiales","Helotiales_fam_Incertae_sedis",NA,NA,"Helotiales_fam_Incertae_sedis sp."
"OTU.817","Fungi","Ascomycota","Leotiomycetes","Helotiales",NA,NA,NA,"Helotiales sp."
"OTU.354","Fungi","Basidiomycota","Cystobasidiomycetes",NA,NA,NA,NA,"Cystobasidiomycetes sp."
"OTU.310","Fungi","Ascomycota","Dothideomycetes","Myriangiales","Myriangiales_fam_Incertae_sedis","Phaeosclera","dematioides","Phaeosclera dematioides"
"OTU.952","Fungi","Ascomycota","Leotiomycetes","Helotiales","Hyaloscyphaceae",NA,NA,"Hyaloscyphaceae sp."
"OTU.103","Fungi","Ascomycota","Eurotiomycetes","Chaetothyriales","Cyphellophoraceae","Cyphellophora",NA,"Cyphellophora sp."
"OTU.1078","Fungi","Ascomycota","Dothideomycetes","Myriangiales","Elsinoaceae","Elsinoe",NA,"Elsinoe sp."
"OTU.614","Fungi","Ascomycota","Orbiliomycetes","Orbiliales",NA,NA,NA,"Orbiliales sp."
"OTU.1084","Fungi",NA,NA,NA,NA,NA,NA,"Fungi sp."
"OTU.243","Fungi",NA,NA,NA,NA,NA,NA,"Fungi sp."
"OTU.1107","Fungi","Basidiomycota","Agaricomycetes","Agaricales","Tricholomataceae","Calyptella",NA,"Calyptella sp."
"OTU.978","Fungi","Ascomycota","Dothideomycetes","Venturiales","Venturiaceae",NA,NA,"Venturiaceae sp."
"OTU.196","Fungi","Ascomycota",NA,NA,NA,NA,NA,"Ascomycota sp."
"OTU.642","Fungi","Ascomycota","Leotiomycetes",NA,NA,NA,NA,"Leotiomycetes sp."
"OTU.1149","Fungi","Basidiomycota","Agaricomycetes","Hymenochaetales","Hymenochaetales_fam_Incertae_sedis","Trichaptum","abietinum","Trichaptum abietinum"
"OTU.1168","Fungi","Basidiomycota","Microbotryomycetes","Sporidiobolales",NA,NA,NA,"Sporidiobolales sp."
"OTU.1166","Fungi","Ascomycota","Leotiomycetes","Rhytismatales","Rhytismataceae",NA,NA,"Rhytismataceae sp."
"OTU.1110","Fungi","Ascomycota","Eurotiomycetes","Eurotiales","Aspergillaceae","Aspergillus","ruber","Aspergillus ruber"
"OTU.1194","Fungi","Ascomycota","Dothideomycetes","Myriangiales","Myriangiales_fam_Incertae_sedis",NA,NA,"Myriangiales_fam_Incertae_sedis sp."
"OTU.494","Fungi","Basidiomycota","Cystobasidiomycetes","Cystobasidiales","Cystobasidiaceae","Cystobasidium",NA,"Cystobasidium sp."
"OTU.838","Fungi","Ascomycota","Sordariomycetes","Xylariales","Xylariaceae","Xylaria","hypoxylon","Xylaria hypoxylon"
"OTU.1218","Fungi","Ascomycota","Leotiomycetes","Helotiales","Helotiaceae","Collophora",NA,"Collophora sp."
"OTU.1220","Fungi","Ascomycota","Dothideomycetes","Capnodiales","Mycosphaerellaceae","Nothophaeocryptopus","gaeumannii","Nothophaeocryptopus gaeumannii"
"OTU.1150","Fungi","Ascomycota","Dothideomycetes","Venturiales","Sympoventuriaceae",NA,NA,"Sympoventuriaceae sp."
"OTU.1219","Fungi","Ascomycota","Leotiomycetes","Helotiales","Helotiales_fam_Incertae_sedis","Cadophora",NA,"Cadophora sp."
"OTU.1198","Fungi","Ascomycota","Eurotiomycetes","Phaeomoniellales",NA,NA,NA,"Phaeomoniellales sp."
"OTU.1271","Fungi","Basidiomycota","Pucciniomycetes","Pucciniales",NA,NA,NA,"Pucciniales sp."
"OTU.597","Fungi","Ascomycota",NA,NA,NA,NA,NA,"Ascomycota sp."
"OTU.1284","Fungi","Ascomycota","Dothideomycetes","Capnodiales","Cladosporiaceae","Cladosporium","sphaerospermum","Cladosporium sphaerospermum"
"OTU.455","Fungi","Olpidiomycota","GS18",NA,NA,NA,NA,"GS18 sp."
"OTU.207","Fungi","Ascomycota","Dothideomycetes","Venturiales","Venturiaceae","Venturia",NA,"Venturia sp."
"OTU.433","Fungi",NA,NA,NA,NA,NA,NA,"Fungi sp."
"OTU.1447","Fungi","Ascomycota","Leotiomycetes","Rhytismatales","Cudoniaceae",NA,NA,"Cudoniaceae sp."
"OTU.1455","Fungi","Ascomycota","Leotiomycetes","Helotiales",NA,NA,NA,"Helotiales sp."
"OTU.1456","Fungi","Basidiomycota","Cystobasidiomycetes","Cystobasidiomycetes_ord_Incertae_sedis","Microsporomycetaceae","Microsporomyces","pini","Microsporomyces pini"
"OTU.1467","Fungi","Ascomycota","Leotiomycetes","Helotiales","Leotiaceae","Alatospora",NA,"Alatospora sp."
"OTU.1468","Fungi","Ascomycota","Leotiomycetes","Helotiales","Hyaloscyphaceae",NA,NA,"Hyaloscyphaceae sp."
"OTU.1487","Fungi","Ascomycota","Leotiomycetes","Helotiales",NA,NA,NA,"Helotiales sp."
"OTU.1521","Fungi","Ascomycota","Eurotiomycetes","Phaeomoniellales","Phaeomoniellaceae","Phaeomoniella",NA,"Phaeomoniella sp."
"OTU.392","Fungi","Ascomycota","Leotiomycetes","Helotiales","Helotiaceae","Neocrinula","lambertiae","Neocrinula lambertiae"
"OTU.442","Fungi","Basidiomycota","Agaricomycetes","Polyporales","Ganodermataceae","Ganoderma",NA,"Ganoderma sp."
"OTU.1614","Fungi","Ascomycota",NA,NA,NA,NA,NA,"Ascomycota sp."
"OTU.1609","Fungi","Ascomycota","Eurotiomycetes","Chaetothyriales","Cyphellophoraceae",NA,NA,"Cyphellophoraceae sp."
"OTU.654","Fungi","Ascomycota","Eurotiomycetes","Chaetothyriales",NA,NA,NA,"Chaetothyriales sp."
"OTU.1626","Fungi","Ascomycota","Dothideomycetes","Dothideales","Dothideaceae","Scleroconidioma","sphagnicola","Scleroconidioma sphagnicola"
"OTU.1640","Fungi","Ascomycota","Saccharomycetes","Saccharomycetales","Debaryomycetaceae","Millerozyma","farinosa","Millerozyma farinosa"
"OTU.1692","Fungi","Ascomycota","Leotiomycetes","Helotiales","Hyaloscyphaceae","Hyphodiscus",NA,"Hyphodiscus sp."
"OTU.1683","Fungi",NA,NA,NA,NA,NA,NA,"Fungi sp."
"OTU.1680","Fungi","Basidiomycota","Agaricomycetes","Corticiales","Corticiaceae","Corticium",NA,"Corticium sp."
"OTU.1801","Fungi","Ascomycota","Dothideomycetes","Pleosporales","Phaeosphaeriaceae","Phaeosphaeria","tofieldiae","Phaeosphaeria tofieldiae"
"OTU.1825","Fungi","Ascomycota","Sordariomycetes","Xylariales","Xylariaceae","Nemania","serpens","Nemania serpens"
"OTU.1167","Fungi","Basidiomycota","Agaricomycetes","Polyporales","Ganodermataceae","Perenniporia","africana","Perenniporia africana"
"OTU.1893","Fungi","Ascomycota","Leotiomycetes","Helotiales",NA,NA,NA,"Helotiales sp."
"OTU.372","Fungi","Ascomycota","Leotiomycetes","Rhytismatales","Cudoniaceae",NA,NA,"Cudoniaceae sp."
"OTU.388","Fungi","Ascomycota","Dothideomycetes","Dothideales","Dothioraceae","Perusta",NA,"Perusta sp."
"OTU.540","Fungi","Ascomycota","Eurotiomycetes","Chaetothyriales",NA,NA,NA,"Chaetothyriales sp."
"OTU.2196","Fungi","Ascomycota","Eurotiomycetes","Phaeomoniellales",NA,NA,NA,"Phaeomoniellales sp."
"OTU.2199","Fungi","Ascomycota","Leotiomycetes","Helotiales","Hyaloscyphaceae","Hyaloscypha","minuta","Hyaloscypha minuta"
"OTU.163","Fungi","Ascomycota","Dothideomycetes","Capnodiales","Teratosphaeriaceae","Meristemomyces","arctostaphylos","Meristemomyces arctostaphylos"
"OTU.363","Fungi","Ascomycota",NA,NA,NA,NA,NA,"Ascomycota sp."
"OTU.755","Fungi","Ascomycota","Dothideomycetes","Capnodiales","Mycosphaerellaceae","Mycosphaerella",NA,"Mycosphaerella sp."
"OTU.519","Fungi","Ascomycota","Eurotiomycetes","Chaetothyriales",NA,NA,NA,"Chaetothyriales sp."
"OTU.2493","Fungi",NA,NA,NA,NA,NA,NA,"Fungi sp."
"OTU.314","Fungi","Ascomycota","Dothideomycetes","Dothideales","Aureobasidiaceae","Aureobasidium","pullulans","Aureobasidium pullulans"
"OTU.19","Fungi","Ascomycota","Eurotiomycetes","Chaetothyriales","Chaetothyriales_fam_Incertae_sedis","Sarcinomyces","crustaceus","Sarcinomyces crustaceus"
"OTU.719","Fungi","Ascomycota","Dothideomycetes","Capnodiales",NA,NA,NA,"Capnodiales sp."
"OTU.637","Fungi","Ascomycota","Dothideomycetes","Capnodiales","Dissoconiaceae","Ramichloridium","pini","Ramichloridium pini"
"OTU.260","Fungi","Ascomycota","Eurotiomycetes","Chaetothyriales",NA,NA,NA,"Chaetothyriales sp."
"OTU.768","Fungi","Ascomycota","Leotiomycetes","Helotiales","Dermateaceae","Pezicula",NA,"Pezicula sp."
